{
    "add_command": [],
    "architecture": "x86_64",
    "author": "Redis Labs",
    "capabilities": [
        "types",
        "no_multi_key",
        "replica_of",
        "eviction_expiry",
        "failover_migrate",
        "flash",
        "backup_restore",
        "reshard_rebalance",
        "persistence_aof",
        "persistence_rdb",
        "hash_policy",
        "clustering",
        "intershard_tls",
        "crdb",
        "intershard_tls_pass",
        "ipv6"
    ],
    "command_line_args": "",
    "commands": [
        {
            "command_arity": -1,
            "command_name": "json.clear",
            "first_key": 1,
            "flags": [
                "write"
            ],
            "last_key": 1,
            "step": 1
        },
        {
            "command_arity": -1,
            "command_name": "json.strlen",
            "first_key": 1,
            "flags": [
                "readonly"
            ],
            "last_key": 1,
            "step": 1
        },
        {
            "command_arity": -1,
            "command_name": "json.arrpop",
            "first_key": 1,
            "flags": [
                "write"
            ],
            "last_key": 1,
            "step": 1
        },
        {
            "command_arity": -1,
            "command_name": "json.arrinsert",
            "first_key": 1,
            "flags": [
                "write",
                "denyoom"
            ],
            "last_key": 1,
            "step": 1
        },
        {
            "command_arity": -1,
            "command_name": "json.nummultby",
            "first_key": 1,
            "flags": [
                "write"
            ],
            "last_key": 1,
            "step": 1
        },
        {
            "command_arity": -1,
            "command_name": "json.objkeys",
            "first_key": 1,
            "flags": [
                "readonly"
            ],
            "last_key": 1,
            "step": 1
        },
        {
            "command_arity": -1,
            "command_name": "json.set",
            "first_key": 1,
            "flags": [
                "write",
                "denyoom"
            ],
            "last_key": 1,
            "step": 1
        },
        {
            "command_arity": -1,
            "command_name": "json.del",
            "first_key": 1,
            "flags": [
                "write"
            ],
            "last_key": 1,
            "step": 1
        },
        {
            "command_arity": -1,
            "command_name": "json.arrappend",
            "first_key": 1,
            "flags": [
                "write",
                "denyoom"
            ],
            "last_key": 1,
            "step": 1
        },
        {
            "command_arity": -1,
            "command_name": "json.mget",
            "first_key": 1,
            "flags": [
                "readonly"
            ],
            "last_key": 1,
            "step": 1
        },
        {
            "command_arity": -1,
            "command_name": "json.arrtrim",
            "first_key": 1,
            "flags": [
                "write"
            ],
            "last_key": 1,
            "step": 1
        },
        {
            "command_arity": -1,
            "command_name": "json.strappend",
            "first_key": 1,
            "flags": [
                "write",
                "denyoom"
            ],
            "last_key": 1,
            "step": 1
        },
        {
            "command_arity": -1,
            "command_name": "json.arrlen",
            "first_key": 1,
            "flags": [
                "readonly"
            ],
            "last_key": 1,
            "step": 1
        },
        {
            "command_arity": -1,
            "command_name": "json.resp",
            "first_key": 1,
            "flags": [
                "readonly"
            ],
            "last_key": 1,
            "step": 1
        },
        {
            "command_arity": -1,
            "command_name": "json.toggle",
            "first_key": 1,
            "flags": [
                "write",
                "denyoom"
            ],
            "last_key": 1,
            "step": 1
        },
        {
            "command_arity": -1,
            "command_name": "json.debug",
            "first_key": 2,
            "flags": [
                "readonly"
            ],
            "last_key": 2,
            "step": 1
        },
        {
            "command_arity": -1,
            "command_name": "json.get",
            "first_key": 1,
            "flags": [
                "readonly"
            ],
            "last_key": 1,
            "step": 1
        },
        {
            "command_arity": -1,
            "command_name": "json.arrindex",
            "first_key": 1,
            "flags": [
                "readonly"
            ],
            "last_key": 1,
            "step": 1
        },
        {
            "command_arity": -1,
            "command_name": "json.objlen",
            "first_key": 1,
            "flags": [
                "readonly"
            ],
            "last_key": 1,
            "step": 1
        },
        {
            "command_arity": -1,
            "command_name": "json.forget",
            "first_key": 1,
            "flags": [
                "write"
            ],
            "last_key": 1,
            "step": 1
        },
        {
            "command_arity": -1,
            "command_name": "json.type",
            "first_key": 1,
            "flags": [
                "readonly"
            ],
            "last_key": 1,
            "step": 1
        },
        {
            "command_arity": -1,
            "command_name": "json.numincrby",
            "first_key": 1,
            "flags": [
                "write"
            ],
            "last_key": 1,
            "step": 1
        },
        {
            "command_arity": -1,
            "command_name": "json.numpowby",
            "first_key": 1,
            "flags": [
                "write"
            ],
            "last_key": 1,
            "step": 1
        }
    ],
    "config_command": "",
    "crdb": {},
    "dependencies": {},
    "description": "Native JSON Data Type for Redis",
    "display_name": "RedisJSON",
    "email": "redismodules@redislabs.com",
    "exclude_commands": [],
    "git_sha": "b'44a7b6d78edd7657b6af2e8dfd1ab6016b4fe1eb'",
    "homepage": "http://redisjson.io",
    "license": "Redis Source Available License Agreement",
    "min_redis_pack_version": "6.0",
    "min_redis_version": "6.0",
    "module_file": "rejson.so",
    "module_name": "ReJSON",
    "operating_systems": [
        "rhel7"
    ],
    "optional-dependencies": {},
    "os": "Linux",
    "overide_command": [],
    "ramp_format_version": 1,
    "semantic_version": "2.4.7",
    "sha256": "2031f356fcb3356bbb21aaf531dfabbdb654f2138cb170ba3a3dd5e4d6e07690",
    "version": 20407.0
}